date,from,label,to,value
2 mins ago,Kraken_4,OUT,0x10164bd361be5e7f09e33a8d97d9e0b4fc6595d5,5 Ether
2 mins ago,Kraken_4,"OUT</span></td><td><i class=""fa fa-file-text-o"" rel=""tooltip"" data-placement=""bottom"" title=""Contract""></i> <a class=""address-tag"" href=""/address/0xf2bdf52759bccab63ced35b45c575a33473a281d"">0xf2bdf52759bccab63ced35b45c575a33473a281d</a></td><td>0<b>.</b>095 Ether</td><td><font color=""gray"" size=""1"">0<b>.</b>000525102541</font></td></tr><tr><td><a class=""address-tag"" href=""/tx/0xc795d64a3ea2e5799fe4611e41866e2649f5dc93c3194f982d95fee15a28418e"">0xc795d64a3ea2e5799fe4611e41866e2649f5dc93c3194f982d95fee15a28418e</a></td><td class=""hidden-sm""><a href=""/block/4172988"">4172988</a></td><td><span rel=""tooltip"" data-placement=""bottom"" title=""Aug-18-2017 10:40:33 AM"">2 mins ago</span></td><td><span class=""address-tag"" title=""0x267be1c1d684f78cb4f6a176c4911b741e4ffdc0"">Kraken_4</span></td><td><span class=""label label-orange rounded"">OUT</span></td><td><i class=""fa fa-file-text-o"" rel=""tooltip"" data-placement=""bottom"" title=""Contract""></i> <a class=""address-tag"" href=""/address/0x88d04a687dba9f5b55a0544b604a6815f3c39218"">0x88d04a687dba9f5b55a0544b604a6815f3c39218</a></td><td>0<b>.</b>995 Ether</td><td><font color=""gray"" size=""1"">0<b>.</b>000525102541</font></td></tr><tr><td><a class=""address-tag"" href=""/tx/0x71eea96b4931e206068bb5e518a334ec8dc28b6f263f8f130b0b337765015436"">0x71eea96b4931e206068bb5e518a334ec8dc28b6f263f8f130b0b337765015436</a></td><td class=""hidden-sm""><a href=""/block/4172988"">4172988</a></td><td><span rel=""tooltip"" data-placement=""bottom"" title=""Aug-18-2017 10:40:33 AM"">2 mins ago</span></td><td><span class=""address-tag"" title=""0x267be1c1d684f78cb4f6a176c4911b741e4ffdc0"">Kraken_4</span></td><td><span class=""label label-orange rounded"">OUT","0x9148c9cf77cbad25a4b3133762b5f693225e3235</a></td><td>25<b>.</b>365 Ether</td><td><font color=""gray"" size=""1"">0<b>.</b>000523830381</font></td></tr><tr><td><a class=""address-tag"" href=""/tx/0x7193ab7b1f8201be0768b91048a247b66515f42e12be9ad3102c1ca4ad73b99c"">0x7193ab7b1f8201be0768b91048a247b66515f42e12be9ad3102c1ca4ad73b99c</a></td><td class=""hidden-sm""><a href=""/block/4172983"">4172983</a></td><td><span rel=""tooltip"" data-placement=""bottom"" title=""Aug-18-2017 10:39:12 AM"">3 mins ago</span></td><td><span class=""address-tag"" title=""0x267be1c1d684f78cb4f6a176c4911b741e4ffdc0"">Kraken_4</span></td><td><span class=""label label-orange rounded"">OUT</span></td><td><a class=""address-tag"" href=""/address/0xaebc0f618f5586a63fa98d643930b7addce7b457"">0xaebc0f618f5586a63fa98d643930b7addce7b457</a></td><td>1<b>.</b>17108 Ether</td><td><font color=""gray"" size=""1"">0<b>.</b>000523830381</font></td></tr><tr><td><a class=""address-tag"" href=""/tx/0xf105cd84c3eb127d628a7ab54cf2a505a43d502f5e873e0df87717ec6371c8ae"">0xf105cd84c3eb127d628a7ab54cf2a505a43d502f5e873e0df87717ec6371c8ae</a></td><td class=""hidden-sm""><a href=""/block/4172983"">4172983</a></td><td><span rel=""tooltip"" data-placement=""bottom"" title=""Aug-18-2017 10:39:12 AM"">3 mins ago</span></td><td><span class=""address-tag"" title=""0x267be1c1d684f78cb4f6a176c4911b741e4ffdc0"">Kraken_4</span></td><td><span class=""label label-orange rounded"">OUT</span></td><td><i class=""fa fa-file-text-o"" rel=""tooltip"" data-placement=""bottom"" title=""Contract""></i> <a class=""address-tag"" href=""/address/0x037c8bcd712e726073f99ada3c094db844c2a1e0"">0x037c8bcd712e726073f99ada3c094db844c2a1e0",01 Ether
3 mins ago,Kraken_4,OUT,"0x606f38be9807011c1d1af7aa2c6df48161005aeb</a></td><td>10<b>.</b>735 Ether</td><td><font color=""gray"" size=""1"">0<b>.</b>000523830381</font></td></tr><tr><td><a class=""address-tag"" href=""/tx/0x9665f441869363a8aeeba96be69341c88f70c0ac3461b0a9ad6ce5701515673f"">0x9665f441869363a8aeeba96be69341c88f70c0ac3461b0a9ad6ce5701515673f</a></td><td class=""hidden-sm""><a href=""/block/4172983"">4172983</a></td><td><span rel=""tooltip"" data-placement=""bottom"" title=""Aug-18-2017 10:39:12 AM"">3 mins ago</span></td><td><span class=""address-tag"" title=""0x267be1c1d684f78cb4f6a176c4911b741e4ffdc0"">Kraken_4</span></td><td><span class=""label label-orange rounded"">OUT</span></td><td><a class=""address-tag"" href=""/address/0x713363aa03bf273d3b5dfb24975a2ebf0ec1d185"">0x713363aa03bf273d3b5dfb24975a2ebf0ec1d185</a></td><td>4<b>.</b>70525 Ether</td><td><font color=""gray"" size=""1"">0<b>.</b>000523830381</font></td></tr><tr><td><a class=""address-tag"" href=""/tx/0x2e1d967ad027ec7544e9ca867736746c4fb32f66983f7a0bb0eee456e34b0ed9"">0x2e1d967ad027ec7544e9ca867736746c4fb32f66983f7a0bb0eee456e34b0ed9</a></td><td class=""hidden-sm""><a href=""/block/4172979"">4172979</a></td><td><span rel=""tooltip"" data-placement=""bottom"" title=""Aug-18-2017 10:37:23 AM"">5 mins ago</span></td><td><span class=""address-tag"" title=""0x267be1c1d684f78cb4f6a176c4911b741e4ffdc0"">Kraken_4</span></td><td><span class=""label label-orange rounded"">OUT</span></td><td><a class=""address-tag"" href=""/address/0xb5e0345ed331c239e2cc64b25f0d7e562cad8244"">0xb5e0345ed331c239e2cc64b25f0d7e562cad8244</a></td><td>10<b>.</b>57398 Ether</td><td><font color=""gray"" size=""1"">0<b>.</b>000523830381</font></td></tr><tr><td><a class=""address-tag"" href=""/tx/0xa6583332f125223464fd39ff992092fc58102869354ac1b1a15de9b1f599fbef"">0xa6583332f125223464fd39ff992092fc58102869354ac1b1a15de9b1f599fbef</a></td><td class=""hidden-sm""><a href=""/block/4172979"">4172979</a></td><td><span rel=""tooltip"" data-placement=""bottom"" title=""Aug-18-2017 10:37:23 AM"">5 mins ago</span></td><td><span class=""address-tag"" title=""0x267be1c1d684f78cb4f6a176c4911b741e4ffdc0"">Kraken_4</span></td><td><span class=""label label-orange rounded"">OUT</span></td><td><a class=""address-tag"" href=""/address/0xb32d6cfb48b2d77293876e1cdfa8f102282b9f8c"">0xb32d6cfb48b2d77293876e1cdfa8f102282b9f8c</a></td><td>17<b>.</b>45117 Ether</td><td><font color=""gray"" size=""1"">0<b>.</b>000523830381</font></td></tr><tr><td><a class=""address-tag"" href=""/tx/0x6132c22e9ee090b87d1a3cc4ecb1297139123241512821eb2f0ed171052bbcfb"">0x6132c22e9ee090b87d1a3cc4ecb1297139123241512821eb2f0ed171052bbcfb</a></td><td class=""hidden-sm""><a href=""/block/4172979"">4172979</a></td><td><span rel=""tooltip"" data-placement=""bottom"" title=""Aug-18-2017 10:37:23 AM"">5 mins ago</span></td><td><span class=""address-tag"" title=""0x267be1c1d684f78cb4f6a176c4911b741e4ffdc0"">Kraken_4</span></td><td><span class=""label label-orange rounded"">OUT</span></td><td><i class=""fa fa-file-text-o"" rel=""tooltip"" data-placement=""bottom"" title=""Contract""></i> <a class=""address-tag"" href=""/address/0x217aedd3eb4fe3391b1cb7a53244022ff1354c28"">0x217aedd3eb4fe3391b1cb7a53244022ff1354c28",59556 Ether
6 mins ago,Kraken_4,OUT,0x5e6b17f552268891c726399adbd6374d94016400,785 Ether
6 mins ago,Kraken_4,OUT,"0x835d97f2f9ad856dd54844638fa625dc18ac6a3b</a></td><td>27<b>.</b>88835 Ether</td><td><font color=""gray"" size=""1"">0<b>.</b>000523830381</font></td></tr><tr><td><a class=""address-tag"" href=""/tx/0x2065443daa6c08e962f1dc964050ac0f33970821ff0798d3925cc80e00e548e9"">0x2065443daa6c08e962f1dc964050ac0f33970821ff0798d3925cc80e00e548e9</a></td><td class=""hidden-sm""><a href=""/block/4172975"">4172975</a></td><td><span rel=""tooltip"" data-placement=""bottom"" title=""Aug-18-2017 10:36:30 AM"">6 mins ago</span></td><td><span class=""address-tag"" title=""0x267be1c1d684f78cb4f6a176c4911b741e4ffdc0"">Kraken_4</span></td><td><span class=""label label-orange rounded"">OUT</span></td><td><a class=""address-tag"" href=""/address/0xcf689b5387538959b4acd04a72698699cbcc4c9a"">0xcf689b5387538959b4acd04a72698699cbcc4c9a",015 Ether
6 mins ago,Kraken_4,OUT,0x78abf8179e5041d84c0099a69d44946c2b697a36,19799 Ether
6 mins ago,Kraken_4,OUT,"0xd87bdf94e0537647d2f6f4b8076907e5dec75785</a></td><td>5 Ether</td><td><font color=""gray"" size=""1"">0<b>.</b>000523830381</font></td></tr><tr><td><a class=""address-tag"" href=""/tx/0xc088444a98c20f22a875994afcd55b2727315cfe20d1d84009625013a2aefe30"">0xc088444a98c20f22a875994afcd55b2727315cfe20d1d84009625013a2aefe30</a></td><td class=""hidden-sm""><a href=""/block/4172969"">4172969</a></td><td><span rel=""tooltip"" data-placement=""bottom"" title=""Aug-18-2017 10:33:38 AM"">8 mins ago</span></td><td><span class=""address-tag"" title=""0x267be1c1d684f78cb4f6a176c4911b741e4ffdc0"">Kraken_4</span></td><td><span class=""label label-orange rounded"">OUT</span></td><td><a class=""address-tag"" href=""/address/0x82993f355a35802f57753ca71ff3aa53e9bff20d"">0x82993f355a35802f57753ca71ff3aa53e9bff20d",2 Ether
8 mins ago,Kraken_4,OUT,"0xc56337679b7abdd837a73f89ee0d24a3f9794fef</a></td><td>49<b>.</b>995 Ether</td><td><font color=""gray"" size=""1"">0<b>.</b>000523830381</font></td></tr><tr><td><a class=""address-tag"" href=""/tx/0xda40ab1dffdc66cae91f2656eb06f8172b66fa82b3c209edf41c4e6695c2dcc0"">0xda40ab1dffdc66cae91f2656eb06f8172b66fa82b3c209edf41c4e6695c2dcc0</a></td><td class=""hidden-sm""><a href=""/block/4172969"">4172969</a></td><td><span rel=""tooltip"" data-placement=""bottom"" title=""Aug-18-2017 10:33:38 AM"">8 mins ago</span></td><td><span class=""address-tag"" title=""0x267be1c1d684f78cb4f6a176c4911b741e4ffdc0"">Kraken_4</span></td><td><span class=""label label-orange rounded"">OUT</span></td><td><i class=""fa fa-file-text-o"" rel=""tooltip"" data-placement=""bottom"" title=""Contract""></i> <a class=""address-tag"" href=""/address/0x42b28133ae309d38d0b7826c6b6868f9d768d0a2"">0x42b28133ae309d38d0b7826c6b6868f9d768d0a2",995 Ether
8 mins ago,Kraken_4,OUT,"0x7a89902469645a6cb2174f131cd58a83d9731b29</a></td><td>1<b>.</b>435 Ether</td><td><font color=""gray"" size=""1"">0<b>.</b>000523830381</font></td></tr><tr><td><a class=""address-tag"" href=""/tx/0xf9e3f6f777cb7e2d1d30f694b60d0d95159deb71726ecd9eba361f513012e402"">0xf9e3f6f777cb7e2d1d30f694b60d0d95159deb71726ecd9eba361f513012e402</a></td><td class=""hidden-sm""><a href=""/block/4172965"">4172965</a></td><td><span rel=""tooltip"" data-placement=""bottom"" title=""Aug-18-2017 10:32:30 AM"">10 mins ago</span></td><td><span class=""address-tag"" title=""0x267be1c1d684f78cb4f6a176c4911b741e4ffdc0"">Kraken_4</span></td><td><span class=""label label-orange rounded"">OUT</span></td><td><a class=""address-tag"" href=""/address/0xb6027ce4eb1ac44e9cfc3062dd6bebc38ec99553"">0xb6027ce4eb1ac44e9cfc3062dd6bebc38ec99553</a></td><td>3<b>.</b>995 Ether</td><td><font color=""gray"" size=""1"">0<b>.</b>000523830381</font></td></tr><tr><td><a class=""address-tag"" href=""/tx/0xcbb7d176b6d2297da49b94967c4049e4cb38f8663ddb6dde5b616ba4cf89900c"">0xcbb7d176b6d2297da49b94967c4049e4cb38f8663ddb6dde5b616ba4cf89900c</a></td><td class=""hidden-sm""><a href=""/block/4172965"">4172965</a></td><td><span rel=""tooltip"" data-placement=""bottom"" title=""Aug-18-2017 10:32:30 AM"">10 mins ago</span></td><td><span class=""address-tag"" title=""0x267be1c1d684f78cb4f6a176c4911b741e4ffdc0"">Kraken_4</span></td><td><span class=""label label-orange rounded"">OUT</span></td><td><a class=""address-tag"" href=""/address/0x4ee062547847b63f88dd71a77ee39f16976be3b0"">0x4ee062547847b63f88dd71a77ee39f16976be3b0",07 Ether
